                  epoch,         train/box_loss,         train/cls_loss,         train/dfl_loss,   metrics/precision(B),      metrics/recall(B),       metrics/mAP50(B),       metrics/mAP90(B),    metrics/mAP50-95(B),           val/box_loss,           val/cls_loss,           val/dfl_loss,                 lr/pg0,                 lr/pg1,                 lr/pg2
                      1,                 1.5723,                 6.2689,                 1.9233,                0.00122,                0.15174,                 0.0176,                 0.0001,                0.00814,                  1.397,                 5.7785,                 1.8564,                 0.0865,                 0.0015,                 0.0015
                      2,                 1.3189,                 4.5969,                 1.6462,                0.00245,                 0.3036,                0.07746,                0.00838,                0.04242,                  1.168,                 5.0975,                 1.4487,               0.071481,              0.0024813,              0.0024813
                      3,                 1.1971,                  3.507,                 1.4747,                0.00394,                0.35596,                0.13661,                0.01381,                0.07509,                 1.1881,                 4.9422,                 1.3864,               0.055824,              0.0028238,              0.0028238
                      4,                 1.1177,                 2.9429,                 1.3753,                0.92527,                0.04362,                0.19392,                0.01403,                0.11512,                 1.1244,                  4.448,                 1.2817,               0.039528,              0.0025276,              0.0025276
                      5,                 1.0618,                 2.6795,                 1.3208,                0.90745,                0.08991,                0.23825,                0.01914,                0.14356,                 1.1308,                 4.1768,                 1.2768,               0.022593,              0.0015928,              0.0015928
